{"format":"Transformational debugger info","version":1,
"info":{"name":"TankControlSystem","description":""},
"variables":{
"error":{"comment":"\uffffffd0\uffffff9e\uffffffd1\uffffff88\uffffffd0\uffffffb8\uffffffd0\uffffffb1\uffffffd0\uffffffba\uffffffd0\uffffffb0 \uffffffd1\uffffff80\uffffffd0\uffffffb5\uffffffd0\uffffffb3\uffffffd1\uffffff83\uffffffd0\uffffffbb\uffffffd0\uffffffb8\uffffffd1\uffffff80\uffffffd0\uffffffbe\uffffffd0\uffffffb2\uffffffd0\uffffffb0\uffffffd0\uffffffbd\uffffffd0\uffffffb8\uffffffd1\uffffff8f","kind":"state","type":"Real","unit":"","displayUnit":"","source":{"info":{"file":"C:/ktk/models/TankControlSystem.mo","lineStart":20,"lineEnd":20,"colStart":3,"colEnd":55}}},
"integralError":{"comment":"\uffffffd0\uffffff98\uffffffd0\uffffffbd\uffffffd1\uffffff82\uffffffd0\uffffffb5\uffffffd0\uffffffb3\uffffffd1\uffffff80\uffffffd0\uffffffb0\uffffffd0\uffffffbb \uffffffd0\uffffffbe\uffffffd1\uffffff88\uffffffd0\uffffffb8\uffffffd0\uffffffb1\uffffffd0\uffffffba\uffffffd0\uffffffb8","kind":"state","type":"Real","unit":"","displayUnit":"","source":{"info":{"file":"C:/ktk/models/TankControlSystem.mo","lineStart":21,"lineEnd":21,"colStart":3,"colEnd":64}}},
"der(error)":{"comment":"der(\uffffffd0\uffffff9e\uffffffd1\uffffff88\uffffffd0\uffffffb8\uffffffd0\uffffffb1\uffffffd0\uffffffba\uffffffd0\uffffffb0 \uffffffd1\uffffff80\uffffffd0\uffffffb5\uffffffd0\uffffffb3\uffffffd1\uffffff83\uffffffd0\uffffffbb\uffffffd0\uffffffb8\uffffffd1\uffffff80\uffffffd0\uffffffbe\uffffffd0\uffffffb2\uffffffd0\uffffffb0\uffffffd0\uffffffbd\uffffffd0\uffffffb8\uffffffd1\uffffff8f)","kind":"derivative","type":"Real","unit":"","displayUnit":"","source":{"info":{"file":"C:/ktk/models/TankControlSystem.mo","lineStart":20,"lineEnd":20,"colStart":3,"colEnd":55}}},
"der(integralError)":{"comment":"der(\uffffffd0\uffffff98\uffffffd0\uffffffbd\uffffffd1\uffffff82\uffffffd0\uffffffb5\uffffffd0\uffffffb3\uffffffd1\uffffff80\uffffffd0\uffffffb0\uffffffd0\uffffffbb \uffffffd0\uffffffbe\uffffffd1\uffffff88\uffffffd0\uffffffb8\uffffffd0\uffffffb1\uffffffd0\uffffffba\uffffffd0\uffffffb8)","kind":"derivative","type":"Real","unit":"","displayUnit":"","source":{"info":{"file":"C:/ktk/models/TankControlSystem.mo","lineStart":21,"lineEnd":21,"colStart":3,"colEnd":64}}},
"der(temperature)":{"comment":"\uffffffd0\uffffffa2\uffffffd0\uffffffb5\uffffffd0\uffffffba\uffffffd1\uffffff83\uffffffd1\uffffff89\uffffffd0\uffffffb0\uffffffd1\uffffff8f \uffffffd1\uffffff82\uffffffd0\uffffffb5\uffffffd0\uffffffbc\uffffffd0\uffffffbf\uffffffd0\uffffffb5\uffffffd1\uffffff80\uffffffd0\uffffffb0\uffffffd1\uffffff82\uffffffd1\uffffff83\uffffffd1\uffffff80\uffffffd0\uffffffb0","kind":"dummy derivative","type":"Real","unit":"","displayUnit":"","source":{"info":{"file":"C:/ktk/models/TankControlSystem.mo","lineStart":18,"lineEnd":18,"colStart":3,"colEnd":87}}},
"$cse2":{"comment":"","kind":"variable","type":"Real","unit":"","displayUnit":"","source":{"info":{"file":"","lineStart":0,"lineEnd":0,"colStart":0,"colEnd":0}}},
"derivativeError":{"comment":"\uffffffd0\uffffff9f\uffffffd1\uffffff80\uffffffd0\uffffffbe\uffffffd0\uffffffb8\uffffffd0\uffffffb7\uffffffd0\uffffffb2\uffffffd0\uffffffbe\uffffffd0\uffffffb4\uffffffd0\uffffffbd\uffffffd0\uffffffb0\uffffffd1\uffffff8f \uffffffd0\uffffffbe\uffffffd1\uffffff88\uffffffd0\uffffffb8\uffffffd0\uffffffb1\uffffffd0\uffffffba\uffffffd0\uffffffb8","kind":"variable","type":"Real","unit":"","displayUnit":"","source":{"info":{"file":"C:/ktk/models/TankControlSystem.mo","lineStart":22,"lineEnd":22,"colStart":3,"colEnd":61}}},
"heaterPower":{"comment":"\uffffffd0\uffffff9c\uffffffd0\uffffffbe\uffffffd1\uffffff89\uffffffd0\uffffffbd\uffffffd0\uffffffbe\uffffffd1\uffffff81\uffffffd1\uffffff82\uffffffd1\uffffff8c \uffffffd0\uffffffbd\uffffffd0\uffffffb0\uffffffd0\uffffffb3\uffffffd1\uffffff80\uffffffd0\uffffffb5\uffffffd0\uffffffb2\uffffffd0\uffffffb0\uffffffd1\uffffff82\uffffffd0\uffffffb5\uffffffd0\uffffffbb\uffffffd1\uffffff8f","kind":"variable","type":"Real","unit":"","displayUnit":"","source":{"info":{"file":"C:/ktk/models/TankControlSystem.mo","lineStart":19,"lineEnd":19,"colStart":3,"colEnd":61}}},
"temperature":{"comment":"\uffffffd0\uffffffa2\uffffffd0\uffffffb5\uffffffd0\uffffffba\uffffffd1\uffffff83\uffffffd1\uffffff89\uffffffd0\uffffffb0\uffffffd1\uffffff8f \uffffffd1\uffffff82\uffffffd0\uffffffb5\uffffffd0\uffffffbc\uffffffd0\uffffffbf\uffffffd0\uffffffb5\uffffffd1\uffffff80\uffffffd0\uffffffb0\uffffffd1\uffffff82\uffffffd1\uffffff83\uffffffd1\uffffff80\uffffffd0\uffffffb0","kind":"dummy state","type":"Real","unit":"","displayUnit":"","source":{"info":{"file":"C:/ktk/models/TankControlSystem.mo","lineStart":18,"lineEnd":18,"colStart":3,"colEnd":87}}},
"Kd":{"comment":"\uffffffd0\uffffff94\uffffffd0\uffffffb8\uffffffd1\uffffff84\uffffffd1\uffffff84\uffffffd0\uffffffb5\uffffffd1\uffffff80\uffffffd0\uffffffb5\uffffffd0\uffffffbd\uffffffd1\uffffff86\uffffffd0\uffffffb8\uffffffd0\uffffffb0\uffffffd0\uffffffbb\uffffffd1\uffffff8c\uffffffd0\uffffffbd\uffffffd1\uffffff8b\uffffffd0\uffffffb9 \uffffffd0\uffffffba\uffffffd0\uffffffbe\uffffffd1\uffffff8d\uffffffd1\uffffff84\uffffffd1\uffffff84\uffffffd0\uffffffb8\uffffffd1\uffffff86\uffffffd0\uffffffb8\uffffffd0\uffffffb5\uffffffd0\uffffffbd\uffffffd1\uffffff82","kind":"parameter","type":"Real","unit":"","displayUnit":"","source":{"info":{"file":"C:/ktk/models/TankControlSystem.mo","lineStart":15,"lineEnd":15,"colStart":3,"colEnd":84}}},
"Ki":{"comment":"\uffffffd0\uffffff98\uffffffd0\uffffffbd\uffffffd1\uffffff82\uffffffd0\uffffffb5\uffffffd0\uffffffb3\uffffffd1\uffffff80\uffffffd0\uffffffb0\uffffffd0\uffffffbb\uffffffd1\uffffff8c\uffffffd0\uffffffbd\uffffffd1\uffffff8b\uffffffd0\uffffffb9 \uffffffd0\uffffffba\uffffffd0\uffffffbe\uffffffd1\uffffff8d\uffffffd1\uffffff84\uffffffd1\uffffff84\uffffffd0\uffffffb8\uffffffd1\uffffff86\uffffffd0\uffffffb8\uffffffd0\uffffffb5\uffffffd0\uffffffbd\uffffffd1\uffffff82","kind":"parameter","type":"Real","unit":"","displayUnit":"","source":{"info":{"file":"C:/ktk/models/TankControlSystem.mo","lineStart":14,"lineEnd":14,"colStart":3,"colEnd":74}}},
"Kp":{"comment":"\uffffffd0\uffffff9f\uffffffd1\uffffff80\uffffffd0\uffffffbe\uffffffd0\uffffffbf\uffffffd0\uffffffbe\uffffffd1\uffffff80\uffffffd1\uffffff86\uffffffd0\uffffffb8\uffffffd0\uffffffbe\uffffffd0\uffffffbd\uffffffd0\uffffffb0\uffffffd0\uffffffbb\uffffffd1\uffffff8c\uffffffd0\uffffffbd\uffffffd1\uffffff8b\uffffffd0\uffffffb9 \uffffffd0\uffffffba\uffffffd0\uffffffbe\uffffffd1\uffffff8d\uffffffd1\uffffff84\uffffffd1\uffffff84\uffffffd0\uffffffb8\uffffffd1\uffffff86\uffffffd0\uffffffb8\uffffffd0\uffffffb5\uffffffd0\uffffffbd\uffffffd1\uffffff82","kind":"parameter","type":"Real","unit":"","displayUnit":"","source":{"info":{"file":"C:/ktk/models/TankControlSystem.mo","lineStart":13,"lineEnd":13,"colStart":3,"colEnd":85}}},
"ambientTemperature":{"comment":"\uffffffd0\uffffffa2\uffffffd0\uffffffb5\uffffffd0\uffffffbc\uffffffd0\uffffffbf\uffffffd0\uffffffb5\uffffffd1\uffffff80\uffffffd0\uffffffb0\uffffffd1\uffffff82\uffffffd1\uffffff83\uffffffd1\uffffff80\uffffffd0\uffffffb0 \uffffffd0\uffffffbe\uffffffd0\uffffffba\uffffffd1\uffffff80\uffffffd1\uffffff83\uffffffd0\uffffffb6\uffffffd0\uffffffb5\uffffffd0\uffffffbd\uffffffd0\uffffffb8\uffffffd1\uffffff8f (\uffffffe2\uffffff84\uffffff83)","kind":"parameter","type":"Real","unit":"","displayUnit":"","source":{"info":{"file":"C:/ktk/models/TankControlSystem.mo","lineStart":5,"lineEnd":5,"colStart":3,"colEnd":91}}},
"density":{"comment":"\uffffffd0\uffffff9f\uffffffd0\uffffffbb\uffffffd0\uffffffbe\uffffffd1\uffffff82\uffffffd0\uffffffbd\uffffffd0\uffffffbe\uffffffd1\uffffff81\uffffffd1\uffffff82\uffffffd1\uffffff8c (\uffffffd0\uffffffba\uffffffd0\uffffffb3/\uffffffd0\uffffffbc\uffffffc2\uffffffb3)","kind":"parameter","type":"Real","unit":"","displayUnit":"","source":{"info":{"file":"C:/ktk/models/TankControlSystem.mo","lineStart":7,"lineEnd":7,"colStart":3,"colEnd":65}}},
"heatCapacity":{"comment":"\uffffffd0\uffffffa2\uffffffd0\uffffffb5\uffffffd0\uffffffbf\uffffffd0\uffffffbb\uffffffd0\uffffffbe\uffffffd0\uffffffb5\uffffffd0\uffffffbc\uffffffd0\uffffffba\uffffffd0\uffffffbe\uffffffd1\uffffff81\uffffffd1\uffffff82\uffffffd1\uffffff8c (\uffffffd0\uffffff94\uffffffd0\uffffffb6/\uffffffd0\uffffffba\uffffffd0\uffffffb3\uffffffc2\uffffffb7\uffffffe2\uffffff84\uffffff83)","kind":"parameter","type":"Real","unit":"","displayUnit":"","source":{"info":{"file":"C:/ktk/models/TankControlSystem.mo","lineStart":6,"lineEnd":6,"colStart":3,"colEnd":81}}},
"heatLossCoeff":{"comment":"\uffffffd0\uffffff9a\uffffffd0\uffffffbe\uffffffd1\uffffff8d\uffffffd1\uffffff84\uffffffd1\uffffff84\uffffffd0\uffffffb8\uffffffd1\uffffff86\uffffffd0\uffffffb8\uffffffd0\uffffffb5\uffffffd0\uffffffbd\uffffffd1\uffffff82 \uffffffd1\uffffff82\uffffffd0\uffffffb5\uffffffd0\uffffffbf\uffffffd0\uffffffbb\uffffffd0\uffffffbe\uffffffd0\uffffffbf\uffffffd0\uffffffbe\uffffffd1\uffffff82\uffffffd0\uffffffb5\uffffffd1\uffffff80\uffffffd1\uffffff8c (\uffffffd0\uffffff92\uffffffd1\uffffff82/\uffffffe2\uffffff84\uffffff83)","kind":"parameter","type":"Real","unit":"","displayUnit":"","source":{"info":{"file":"C:/ktk/models/TankControlSystem.mo","lineStart":10,"lineEnd":10,"colStart":3,"colEnd":95}}},
"heaterPowerMax":{"comment":"\uffffffd0\uffffff9c\uffffffd0\uffffffb0\uffffffd0\uffffffba\uffffffd1\uffffff81\uffffffd0\uffffffb8\uffffffd0\uffffffbc\uffffffd0\uffffffb0\uffffffd0\uffffffbb\uffffffd1\uffffff8c\uffffffd0\uffffffbd\uffffffd0\uffffffb0\uffffffd1\uffffff8f \uffffffd0\uffffffbc\uffffffd0\uffffffbe\uffffffd1\uffffff89\uffffffd0\uffffffbd\uffffffd0\uffffffbe\uffffffd1\uffffff81\uffffffd1\uffffff82\uffffffd1\uffffff8c \uffffffd0\uffffffbd\uffffffd0\uffffffb0\uffffffd0\uffffffb3\uffffffd1\uffffff80\uffffffd0\uffffffb5\uffffffd0\uffffffb2\uffffffd0\uffffffb0\uffffffd1\uffffff82\uffffffd0\uffffffb5\uffffffd0\uffffffbb\uffffffd1\uffffff8f (\uffffffd0\uffffff92\uffffffd1\uffffff82)","kind":"parameter","type":"Real","unit":"","displayUnit":"","source":{"info":{"file":"C:/ktk/models/TankControlSystem.mo","lineStart":8,"lineEnd":8,"colStart":3,"colEnd":114}}},
"initialTemperature":{"comment":"\uffffffd0\uffffff9d\uffffffd0\uffffffb0\uffffffd1\uffffff87\uffffffd0\uffffffb0\uffffffd0\uffffffbb\uffffffd1\uffffff8c\uffffffd0\uffffffbd\uffffffd0\uffffffb0\uffffffd1\uffffff8f \uffffffd1\uffffff82\uffffffd0\uffffffb5\uffffffd0\uffffffbc\uffffffd0\uffffffbf\uffffffd0\uffffffb5\uffffffd1\uffffff80\uffffffd0\uffffffb0\uffffffd1\uffffff82\uffffffd1\uffffff83\uffffffd1\uffffff80\uffffffd0\uffffffb0 (\uffffffe2\uffffff84\uffffff83)","kind":"parameter","type":"Real","unit":"","displayUnit":"","source":{"info":{"file":"C:/ktk/models/TankControlSystem.mo","lineStart":4,"lineEnd":4,"colStart":3,"colEnd":91}}},
"setpointTemperature":{"comment":"\uffffffd0\uffffffa6\uffffffd0\uffffffb5\uffffffd0\uffffffbb\uffffffd0\uffffffb5\uffffffd0\uffffffb2\uffffffd0\uffffffb0\uffffffd1\uffffff8f \uffffffd1\uffffff82\uffffffd0\uffffffb5\uffffffd0\uffffffbc\uffffffd0\uffffffbf\uffffffd0\uffffffb5\uffffffd1\uffffff80\uffffffd0\uffffffb0\uffffffd1\uffffff82\uffffffd1\uffffff83\uffffffd1\uffffff80\uffffffd0\uffffffb0 (\uffffffe2\uffffff84\uffffff83)","kind":"parameter","type":"Real","unit":"","displayUnit":"","source":{"info":{"file":"C:/ktk/models/TankControlSystem.mo","lineStart":9,"lineEnd":9,"colStart":3,"colEnd":88}}},
"tankVolume":{"comment":"\uffffffd0\uffffff9e\uffffffd0\uffffffb1\uffffffd1\uffffff8a\uffffffd0\uffffffb5\uffffffd0\uffffffbc \uffffffd1\uffffff80\uffffffd0\uffffffb5\uffffffd0\uffffffb7\uffffffd0\uffffffb5\uffffffd1\uffffff80\uffffffd0\uffffffb2\uffffffd1\uffffff83\uffffffd0\uffffffb0\uffffffd1\uffffff80\uffffffd0\uffffffb0 (\uffffffd0\uffffffbc\uffffffc2\uffffffb3)","kind":"parameter","type":"Real","unit":"","displayUnit":"","source":{"info":{"file":"C:/ktk/models/TankControlSystem.mo","lineStart":3,"lineEnd":3,"colStart":3,"colEnd":75}}},
"heaterPower.$pDERNLSJac1.dummyVarNLSJac1":{"comment":"\uffffffd0\uffffff9c\uffffffd0\uffffffbe\uffffffd1\uffffff89\uffffffd0\uffffffbd\uffffffd0\uffffffbe\uffffffd1\uffffff81\uffffffd1\uffffff82\uffffffd1\uffffff8c \uffffffd0\uffffffbd\uffffffd0\uffffffb0\uffffffd0\uffffffb3\uffffffd1\uffffff80\uffffffd0\uffffffb5\uffffffd0\uffffffb2\uffffffd0\uffffffb0\uffffffd1\uffffff82\uffffffd0\uffffffb5\uffffffd0\uffffffbb\uffffffd1\uffffff8f","kind":"jacobian differentiated variable","type":"Real","unit":"","displayUnit":"","source":{"info":{"file":"C:/ktk/models/TankControlSystem.mo","lineStart":19,"lineEnd":19,"colStart":3,"colEnd":61}}},
"$cse2.$pDERNLSJac1.dummyVarNLSJac1":{"comment":"","kind":"jacobian differentiated variable","type":"Real","unit":"","displayUnit":"","source":{"info":{"file":"","lineStart":0,"lineEnd":0,"colStart":0,"colEnd":0}}},
"$res_NLSJac1_1.$pDERNLSJac1.dummyVarNLSJac1":{"comment":"","kind":"jacobian variable","type":"Real","unit":"","displayUnit":"","source":{"info":{"file":"","lineStart":0,"lineEnd":0,"colStart":0,"colEnd":0}}},
"der(temperature.$pDERNLSJac0.dummyVarNLSJac0)":{"comment":"\uffffffd0\uffffffa2\uffffffd0\uffffffb5\uffffffd0\uffffffba\uffffffd1\uffffff83\uffffffd1\uffffff89\uffffffd0\uffffffb0\uffffffd1\uffffff8f \uffffffd1\uffffff82\uffffffd0\uffffffb5\uffffffd0\uffffffbc\uffffffd0\uffffffbf\uffffffd0\uffffffb5\uffffffd1\uffffff80\uffffffd0\uffffffb0\uffffffd1\uffffff82\uffffffd1\uffffff83\uffffffd1\uffffff80\uffffffd0\uffffffb0","kind":"jacobian differentiated variable","type":"Real","unit":"","displayUnit":"","source":{"info":{"file":"C:/ktk/models/TankControlSystem.mo","lineStart":18,"lineEnd":18,"colStart":3,"colEnd":87}}},
"heaterPower.$pDERNLSJac0.dummyVarNLSJac0":{"comment":"\uffffffd0\uffffff9c\uffffffd0\uffffffbe\uffffffd1\uffffff89\uffffffd0\uffffffbd\uffffffd0\uffffffbe\uffffffd1\uffffff81\uffffffd1\uffffff82\uffffffd1\uffffff8c \uffffffd0\uffffffbd\uffffffd0\uffffffb0\uffffffd0\uffffffb3\uffffffd1\uffffff80\uffffffd0\uffffffb5\uffffffd0\uffffffb2\uffffffd0\uffffffb0\uffffffd1\uffffff82\uffffffd0\uffffffb5\uffffffd0\uffffffbb\uffffffd1\uffffff8f","kind":"jacobian differentiated variable","type":"Real","unit":"","displayUnit":"","source":{"info":{"file":"C:/ktk/models/TankControlSystem.mo","lineStart":19,"lineEnd":19,"colStart":3,"colEnd":61}}},
"$cse1":{"comment":"","kind":"jacobian differentiated variable","type":"Real","unit":"","displayUnit":"","source":{"info":{"file":"","lineStart":0,"lineEnd":0,"colStart":0,"colEnd":0}}},
"$res_NLSJac0_1.$pDERNLSJac0.dummyVarNLSJac0":{"comment":"","kind":"jacobian variable","type":"Real","unit":"","displayUnit":"","source":{"info":{"file":"","lineStart":0,"lineEnd":0,"colStart":0,"colEnd":0}}}
},
"equations":[{"eqIndex":0,"tag":"dummy"},
{"eqIndex":1,"section":"initial","tag":"assign","defines":["integralError"],"uses":[],"equation":["0.0"],"source":{"info":{"file":"C:/ktk/models/TankControlSystem.mo","lineStart":26,"lineEnd":26,"colStart":3,"colEnd":20}}},
{"eqIndex":2,"section":"initial","tag":"assign","defines":["temperature"],"uses":["initialTemperature"],"equation":["initialTemperature"],"source":{"info":{"file":"C:/ktk/models/TankControlSystem.mo","lineStart":25,"lineEnd":25,"colStart":3,"colEnd":35}}},
{"eqIndex":3,"section":"initial","tag":"assign","defines":["error"],"uses":["temperature","setpointTemperature"],"equation":["setpointTemperature - temperature"],"source":{"info":{"file":"C:/ktk/models/TankControlSystem.mo","lineStart":34,"lineEnd":34,"colStart":3,"colEnd":44}}},
{"eqIndex":4,"parent":11,"section":"initial","tag":"torn","defines":["heaterPower"],"uses":["Kd","Ki","error","Kp","heaterPowerMax","derivativeError","integralError"],"equation":["min(max(Kp * error + Ki * integralError + Kd * derivativeError, 0.0), heaterPowerMax)"],"source":{"info":{"file":"C:/ktk/models/TankControlSystem.mo","lineStart":45,"lineEnd":45,"colStart":3,"colEnd":94}}},
{"eqIndex":5,"parent":11,"section":"initial","tag":"torn","defines":["der(temperature)"],"uses":["temperature","heaterPower","tankVolume","heatLossCoeff","heatCapacity","density","ambientTemperature"],"equation":["(heaterPower + heatLossCoeff * (ambientTemperature - temperature)) / (tankVolume * density * heatCapacity)"],"source":{"info":{"file":"C:/ktk/models/TankControlSystem.mo","lineStart":30,"lineEnd":31,"colStart":3,"colEnd":60}}},
{"eqIndex":6,"parent":11,"section":"initial","tag":"residual","uses":["der(temperature)","derivativeError"],"equation":["(-$DER.temperature) - derivativeError"],"source":{"info":{"file":"C:/ktk/models/TankControlSystem.mo","lineStart":34,"lineEnd":34,"colStart":3,"colEnd":44}}},
{"eqIndex":7,"parent":11,"section":"initial","tag":"jacobian","defines":["$cse1"],"uses":["Kd","Ki","error","Kp","derivativeError","integralError"],"equation":["max(Kp * error + Ki * integralError + Kd * derivativeError, 0.0)"],"source":{"info":{"file":"","lineStart":0,"lineEnd":0,"colStart":0,"colEnd":0}}},
{"eqIndex":8,"parent":11,"section":"initial","tag":"jacobian","defines":["heaterPower.$pDERNLSJac0.dummyVarNLSJac0"],"uses":["derivativeError","heaterPowerMax","$cse1","Ki","error","integralError","derivativeError.SeedNLSJac0","Kp","Kd"],"equation":["if noEvent($cse1 < heaterPowerMax) then if noEvent(Kp * error + Ki * integralError + Kd * derivativeError > 0.0) then Kd * derivativeError.SeedNLSJac0 else 0.0 else 0.0"],"source":{"info":{"file":"C:/ktk/models/TankControlSystem.mo","lineStart":45,"lineEnd":45,"colStart":3,"colEnd":94}}},
{"eqIndex":9,"parent":11,"section":"initial","tag":"jacobian","defines":["der(temperature.$pDERNLSJac0.dummyVarNLSJac0)"],"uses":["tankVolume","heaterPower.$pDERNLSJac0.dummyVarNLSJac0","density","heatCapacity"],"equation":["heaterPower.$pDERNLSJac0.dummyVarNLSJac0 * tankVolume * density * heatCapacity / (tankVolume * density * heatCapacity) ^ 2.0"],"source":{"info":{"file":"C:/ktk/models/TankControlSystem.mo","lineStart":30,"lineEnd":31,"colStart":3,"colEnd":60}}},
{"eqIndex":10,"parent":11,"section":"initial","tag":"jacobian","defines":["$res_NLSJac0_1.$pDERNLSJac0.dummyVarNLSJac0"],"uses":["derivativeError.SeedNLSJac0","der(temperature.$pDERNLSJac0.dummyVarNLSJac0)"],"equation":["(-$DER.temperature.$pDERNLSJac0.dummyVarNLSJac0) - derivativeError.SeedNLSJac0"],"source":{"info":{"file":"C:/ktk/models/TankControlSystem.mo","lineStart":34,"lineEnd":34,"colStart":3,"colEnd":44}}},
{"eqIndex":11,"section":"initial","tag":"tornsystem","display":"non-linear","unknowns":3,"defines":["derivativeError"],"equation":[[4,5,6],[7,8,9,10]]},
{"eqIndex":12,"tag":"alias","equation":[22],"section":"initial"},
{"eqIndex":13,"tag":"alias","equation":[24],"section":"initial"},
{"eqIndex":14,"section":"regular","tag":"assign","defines":["temperature"],"uses":["error","setpointTemperature"],"equation":["setpointTemperature - error"],"source":{"info":{"file":"C:/ktk/models/TankControlSystem.mo","lineStart":34,"lineEnd":34,"colStart":3,"colEnd":44}}},
{"eqIndex":15,"parent":21,"section":"regular","tag":"torn","defines":["$cse2"],"uses":["Kd","Ki","error","Kp","derivativeError","integralError"],"equation":["max(Kp * error + Ki * integralError + Kd * derivativeError, 0.0)"],"source":{"info":{"file":"","lineStart":0,"lineEnd":0,"colStart":0,"colEnd":0}}},
{"eqIndex":16,"parent":21,"section":"regular","tag":"torn","defines":["heaterPower"],"uses":["heaterPowerMax","$cse2"],"equation":["min($cse2, heaterPowerMax)"],"source":{"info":{"file":"","lineStart":0,"lineEnd":0,"colStart":0,"colEnd":0}}},
{"eqIndex":17,"parent":21,"section":"regular","tag":"residual","uses":["tankVolume","heatCapacity","derivativeError","temperature","heaterPower","ambientTemperature","density","heatLossCoeff"],"equation":["heaterPower + heatLossCoeff * (ambientTemperature - temperature) + derivativeError * heatCapacity * density * tankVolume"],"source":{"info":{"file":"C:/ktk/models/TankControlSystem.mo","lineStart":30,"lineEnd":31,"colStart":3,"colEnd":60}}},
{"eqIndex":18,"parent":21,"section":"regular","tag":"jacobian","defines":["$cse2.$pDERNLSJac1.dummyVarNLSJac1"],"uses":["derivativeError.SeedNLSJac1","Kd","Ki","error","Kp","derivativeError","integralError"],"equation":["if noEvent(Kp * error + Ki * integralError + Kd * derivativeError > 0.0) then Kd * derivativeError.SeedNLSJac1 else 0.0"],"source":{"info":{"file":"","lineStart":0,"lineEnd":0,"colStart":0,"colEnd":0}}},
{"eqIndex":19,"parent":21,"section":"regular","tag":"jacobian","defines":["heaterPower.$pDERNLSJac1.dummyVarNLSJac1"],"uses":["heaterPowerMax","$cse2","$cse2.$pDERNLSJac1.dummyVarNLSJac1"],"equation":["if noEvent($cse2 < heaterPowerMax) then $cse2.$pDERNLSJac1.dummyVarNLSJac1 else 0.0"],"source":{"info":{"file":"","lineStart":0,"lineEnd":0,"colStart":0,"colEnd":0}}},
{"eqIndex":20,"parent":21,"section":"regular","tag":"jacobian","defines":["$res_NLSJac1_1.$pDERNLSJac1.dummyVarNLSJac1"],"uses":["tankVolume","heaterPower.$pDERNLSJac1.dummyVarNLSJac1","density","derivativeError.SeedNLSJac1","heatCapacity"],"equation":["heaterPower.$pDERNLSJac1.dummyVarNLSJac1 + derivativeError.SeedNLSJac1 * heatCapacity * density * tankVolume"],"source":{"info":{"file":"C:/ktk/models/TankControlSystem.mo","lineStart":30,"lineEnd":31,"colStart":3,"colEnd":60}}},
{"eqIndex":21,"section":"regular","tag":"tornsystem","display":"non-linear","unknowns":3,"defines":["derivativeError"],"equation":[[15,16,17],[18,19,20]]},
{"eqIndex":22,"section":"regular","tag":"assign","defines":["der(error)"],"uses":["derivativeError"],"equation":["derivativeError"],"source":{"info":{"file":"C:/ktk/models/TankControlSystem.mo","lineStart":35,"lineEnd":35,"colStart":3,"colEnd":31}}},
{"eqIndex":23,"section":"regular","tag":"assign","defines":["der(temperature)"],"uses":["derivativeError"],"equation":["-derivativeError"],"source":{"info":{"file":"","lineStart":0,"lineEnd":0,"colStart":0,"colEnd":0}}},
{"eqIndex":24,"section":"regular","tag":"assign","defines":["der(integralError)"],"uses":["error","heaterPowerMax","heaterPower"],"equation":["if heaterPower < heaterPowerMax and heaterPower > 0.0 then error else 0.0"],"source":{"info":{"file":"C:/ktk/models/TankControlSystem.mo","lineStart":38,"lineEnd":42,"colStart":3,"colEnd":9}}},
{"eqIndex":25,"section":"start","tag":"assign","defines":["$START.temperature"],"uses":["initialTemperature"],"equation":["initialTemperature"],"source":{"info":{"file":"C:/ktk/models/TankControlSystem.mo","lineStart":18,"lineEnd":18,"colStart":3,"colEnd":87}}}
],
"functions":[
]
}