{"format":"Transformational debugger info","version":1,
"info":{"name":"TankLevelControl","description":""},
"variables":{
"error":{"comment":"\uffffffd0\uffffff9e\uffffffd1\uffffff88\uffffffd0\uffffffb8\uffffffd0\uffffffb1\uffffffd0\uffffffba\uffffffd0\uffffffb0 \uffffffd1\uffffff80\uffffffd0\uffffffb5\uffffffd0\uffffffb3\uffffffd1\uffffff83\uffffffd0\uffffffbb\uffffffd0\uffffffb8\uffffffd1\uffffff80\uffffffd0\uffffffbe\uffffffd0\uffffffb2\uffffffd0\uffffffb0\uffffffd0\uffffffbd\uffffffd0\uffffffb8\uffffffd1\uffffff8f","kind":"state","type":"Real","unit":"","displayUnit":"","source":{"info":{"file":"C:/ktk/models/TankLevelControl.mo","lineStart":14,"lineEnd":14,"colStart":3,"colEnd":55}}},
"integralError":{"comment":"\uffffffd0\uffffff98\uffffffd0\uffffffbd\uffffffd1\uffffff82\uffffffd0\uffffffb5\uffffffd0\uffffffb3\uffffffd1\uffffff80\uffffffd0\uffffffb0\uffffffd0\uffffffbb \uffffffd0\uffffffbe\uffffffd1\uffffff88\uffffffd0\uffffffb8\uffffffd0\uffffffb1\uffffffd0\uffffffba\uffffffd0\uffffffb8","kind":"state","type":"Real","unit":"","displayUnit":"","source":{"info":{"file":"C:/ktk/models/TankLevelControl.mo","lineStart":15,"lineEnd":15,"colStart":3,"colEnd":53}}},
"der(error)":{"comment":"der(\uffffffd0\uffffff9e\uffffffd1\uffffff88\uffffffd0\uffffffb8\uffffffd0\uffffffb1\uffffffd0\uffffffba\uffffffd0\uffffffb0 \uffffffd1\uffffff80\uffffffd0\uffffffb5\uffffffd0\uffffffb3\uffffffd1\uffffff83\uffffffd0\uffffffbb\uffffffd0\uffffffb8\uffffffd1\uffffff80\uffffffd0\uffffffbe\uffffffd0\uffffffb2\uffffffd0\uffffffb0\uffffffd0\uffffffbd\uffffffd0\uffffffb8\uffffffd1\uffffff8f)","kind":"derivative","type":"Real","unit":"","displayUnit":"","source":{"info":{"file":"C:/ktk/models/TankLevelControl.mo","lineStart":14,"lineEnd":14,"colStart":3,"colEnd":55}}},
"der(integralError)":{"comment":"der(\uffffffd0\uffffff98\uffffffd0\uffffffbd\uffffffd1\uffffff82\uffffffd0\uffffffb5\uffffffd0\uffffffb3\uffffffd1\uffffff80\uffffffd0\uffffffb0\uffffffd0\uffffffbb \uffffffd0\uffffffbe\uffffffd1\uffffff88\uffffffd0\uffffffb8\uffffffd0\uffffffb1\uffffffd0\uffffffba\uffffffd0\uffffffb8)","kind":"derivative","type":"Real","unit":"","displayUnit":"","source":{"info":{"file":"C:/ktk/models/TankLevelControl.mo","lineStart":15,"lineEnd":15,"colStart":3,"colEnd":53}}},
"der(temperature)":{"comment":"\uffffffd0\uffffffa2\uffffffd0\uffffffb5\uffffffd0\uffffffba\uffffffd1\uffffff83\uffffffd1\uffffff89\uffffffd0\uffffffb0\uffffffd1\uffffff8f \uffffffd1\uffffff82\uffffffd0\uffffffb5\uffffffd0\uffffffbc\uffffffd0\uffffffbf\uffffffd0\uffffffb5\uffffffd1\uffffff80\uffffffd0\uffffffb0\uffffffd1\uffffff82\uffffffd1\uffffff83\uffffffd1\uffffff80\uffffffd0\uffffffb0 \uffffffd0\uffffffb6\uffffffd0\uffffffb8\uffffffd0\uffffffb4\uffffffd0\uffffffba\uffffffd0\uffffffbe\uffffffd1\uffffff81\uffffffd1\uffffff82\uffffffd0\uffffffb8 (\uffffffe2\uffffff84\uffffff83)","kind":"dummy derivative","type":"Real","unit":"","displayUnit":"","source":{"info":{"file":"C:/ktk/models/TankLevelControl.mo","lineStart":12,"lineEnd":12,"colStart":3,"colEnd":82}}},
"derivativeError":{"comment":"\uffffffd0\uffffff9f\uffffffd1\uffffff80\uffffffd0\uffffffbe\uffffffd0\uffffffb8\uffffffd0\uffffffb7\uffffffd0\uffffffb2\uffffffd0\uffffffbe\uffffffd0\uffffffb4\uffffffd0\uffffffbd\uffffffd0\uffffffb0\uffffffd1\uffffff8f \uffffffd0\uffffffbe\uffffffd1\uffffff88\uffffffd0\uffffffb8\uffffffd0\uffffffb1\uffffffd0\uffffffba\uffffffd0\uffffffb8","kind":"variable","type":"Real","unit":"","displayUnit":"","source":{"info":{"file":"C:/ktk/models/TankLevelControl.mo","lineStart":16,"lineEnd":16,"colStart":3,"colEnd":61}}},
"heaterPower":{"comment":"\uffffffd0\uffffff9c\uffffffd0\uffffffbe\uffffffd1\uffffff89\uffffffd0\uffffffbd\uffffffd0\uffffffbe\uffffffd1\uffffff81\uffffffd1\uffffff82\uffffffd1\uffffff8c \uffffffd0\uffffffbd\uffffffd0\uffffffb0\uffffffd0\uffffffb3\uffffffd1\uffffff80\uffffffd0\uffffffb5\uffffffd0\uffffffb2\uffffffd0\uffffffb0\uffffffd1\uffffff82\uffffffd0\uffffffb5\uffffffd0\uffffffbb\uffffffd1\uffffff8f (\uffffffd0\uffffff92\uffffffd1\uffffff82)","kind":"variable","type":"Real","unit":"","displayUnit":"","source":{"info":{"file":"C:/ktk/models/TankLevelControl.mo","lineStart":13,"lineEnd":13,"colStart":3,"colEnd":68}}},
"temperature":{"comment":"\uffffffd0\uffffffa2\uffffffd0\uffffffb5\uffffffd0\uffffffba\uffffffd1\uffffff83\uffffffd1\uffffff89\uffffffd0\uffffffb0\uffffffd1\uffffff8f \uffffffd1\uffffff82\uffffffd0\uffffffb5\uffffffd0\uffffffbc\uffffffd0\uffffffbf\uffffffd0\uffffffb5\uffffffd1\uffffff80\uffffffd0\uffffffb0\uffffffd1\uffffff82\uffffffd1\uffffff83\uffffffd1\uffffff80\uffffffd0\uffffffb0 \uffffffd0\uffffffb6\uffffffd0\uffffffb8\uffffffd0\uffffffb4\uffffffd0\uffffffba\uffffffd0\uffffffbe\uffffffd1\uffffff81\uffffffd1\uffffff82\uffffffd0\uffffffb8 (\uffffffe2\uffffff84\uffffff83)","kind":"dummy state","type":"Real","unit":"","displayUnit":"","source":{"info":{"file":"C:/ktk/models/TankLevelControl.mo","lineStart":12,"lineEnd":12,"colStart":3,"colEnd":82}}},
"Kd":{"comment":"\uffffffd0\uffffff94\uffffffd0\uffffffb8\uffffffd1\uffffff84\uffffffd1\uffffff84\uffffffd0\uffffffb5\uffffffd1\uffffff80\uffffffd0\uffffffb5\uffffffd0\uffffffbd\uffffffd1\uffffff86\uffffffd0\uffffffb8\uffffffd0\uffffffb0\uffffffd0\uffffffbb\uffffffd1\uffffff8c\uffffffd0\uffffffbd\uffffffd1\uffffff8b\uffffffd0\uffffffb9 \uffffffd0\uffffffba\uffffffd0\uffffffbe\uffffffd1\uffffff8d\uffffffd1\uffffff84\uffffffd1\uffffff84\uffffffd0\uffffffb8\uffffffd1\uffffff86\uffffffd0\uffffffb8\uffffffd0\uffffffb5\uffffffd0\uffffffbd\uffffffd1\uffffff82 \uffffffd0\uffffff9f\uffffffd0\uffffff98\uffffffd0\uffffff94-\uffffffd1\uffffff80\uffffffd0\uffffffb5\uffffffd0\uffffffb3\uffffffd1\uffffff83\uffffffd0\uffffffbb\uffffffd1\uffffff8f\uffffffd1\uffffff82\uffffffd0\uffffffbe\uffffffd1\uffffff80\uffffffd0\uffffffb0","kind":"parameter","type":"Real","unit":"","displayUnit":"","source":{"info":{"file":"C:/ktk/models/TankLevelControl.mo","lineStart":10,"lineEnd":10,"colStart":3,"colEnd":110}}},
"Ki":{"comment":"\uffffffd0\uffffff98\uffffffd0\uffffffbd\uffffffd1\uffffff82\uffffffd0\uffffffb5\uffffffd0\uffffffb3\uffffffd1\uffffff80\uffffffd0\uffffffb0\uffffffd0\uffffffbb\uffffffd1\uffffff8c\uffffffd0\uffffffbd\uffffffd1\uffffff8b\uffffffd0\uffffffb9 \uffffffd0\uffffffba\uffffffd0\uffffffbe\uffffffd1\uffffff8d\uffffffd1\uffffff84\uffffffd1\uffffff84\uffffffd0\uffffffb8\uffffffd1\uffffff86\uffffffd0\uffffffb8\uffffffd0\uffffffb5\uffffffd0\uffffffbd\uffffffd1\uffffff82 \uffffffd0\uffffff9f\uffffffd0\uffffff98\uffffffd0\uffffff94-\uffffffd1\uffffff80\uffffffd0\uffffffb5\uffffffd0\uffffffb3\uffffffd1\uffffff83\uffffffd0\uffffffbb\uffffffd1\uffffff8f\uffffffd1\uffffff82\uffffffd0\uffffffbe\uffffffd1\uffffff80\uffffffd0\uffffffb0","kind":"parameter","type":"Real","unit":"","displayUnit":"","source":{"info":{"file":"C:/ktk/models/TankLevelControl.mo","lineStart":9,"lineEnd":9,"colStart":3,"colEnd":103}}},
"Kp":{"comment":"\uffffffd0\uffffff9a\uffffffd0\uffffffbe\uffffffd1\uffffff8d\uffffffd1\uffffff84\uffffffd1\uffffff84\uffffffd0\uffffffb8\uffffffd1\uffffff86\uffffffd0\uffffffb8\uffffffd0\uffffffb5\uffffffd0\uffffffbd\uffffffd1\uffffff82 \uffffffd0\uffffffbf\uffffffd1\uffffff80\uffffffd0\uffffffbe\uffffffd0\uffffffbf\uffffffd0\uffffffbe\uffffffd1\uffffff80\uffffffd1\uffffff86\uffffffd0\uffffffb8\uffffffd0\uffffffbe\uffffffd0\uffffffbd\uffffffd0\uffffffb0\uffffffd0\uffffffbb\uffffffd1\uffffff8c\uffffffd0\uffffffbd\uffffffd0\uffffffbe\uffffffd1\uffffff81\uffffffd1\uffffff82\uffffffd0\uffffffb8 \uffffffd0\uffffff9f\uffffffd0\uffffff98\uffffffd0\uffffff94-\uffffffd1\uffffff80\uffffffd0\uffffffb5\uffffffd0\uffffffb3\uffffffd1\uffffff83\uffffffd0\uffffffbb\uffffffd1\uffffff8f\uffffffd1\uffffff82\uffffffd0\uffffffbe\uffffffd1\uffffff80\uffffffd0\uffffffb0","kind":"parameter","type":"Real","unit":"","displayUnit":"","source":{"info":{"file":"C:/ktk/models/TankLevelControl.mo","lineStart":8,"lineEnd":8,"colStart":3,"colEnd":116}}},
"density":{"comment":"\uffffffd0\uffffff9f\uffffffd0\uffffffbb\uffffffd0\uffffffbe\uffffffd1\uffffff82\uffffffd0\uffffffbd\uffffffd0\uffffffbe\uffffffd1\uffffff81\uffffffd1\uffffff82\uffffffd1\uffffff8c \uffffffd0\uffffffb6\uffffffd0\uffffffb8\uffffffd0\uffffffb4\uffffffd0\uffffffba\uffffffd0\uffffffbe\uffffffd1\uffffff81\uffffffd1\uffffff82\uffffffd0\uffffffb8 (\uffffffd0\uffffffba\uffffffd0\uffffffb3/\uffffffd0\uffffffbc^3)","kind":"parameter","type":"Real","unit":"","displayUnit":"","source":{"info":{"file":"C:/ktk/models/TankLevelControl.mo","lineStart":5,"lineEnd":5,"colStart":3,"colEnd":82}}},
"heatCapacity":{"comment":"\uffffffd0\uffffffa2\uffffffd0\uffffffb5\uffffffd0\uffffffbf\uffffffd0\uffffffbb\uffffffd0\uffffffbe\uffffffd0\uffffffb5\uffffffd0\uffffffbc\uffffffd0\uffffffba\uffffffd0\uffffffbe\uffffffd1\uffffff81\uffffffd1\uffffff82\uffffffd1\uffffff8c \uffffffd0\uffffffb6\uffffffd0\uffffffb8\uffffffd0\uffffffb4\uffffffd0\uffffffba\uffffffd0\uffffffbe\uffffffd1\uffffff81\uffffffd1\uffffff82\uffffffd0\uffffffb8 (\uffffffd0\uffffff94\uffffffd0\uffffffb6/\uffffffd0\uffffffba\uffffffd0\uffffffb3\uffffffc2\uffffffb7\uffffffe2\uffffff84\uffffff83)","kind":"parameter","type":"Real","unit":"","displayUnit":"","source":{"info":{"file":"C:/ktk/models/TankLevelControl.mo","lineStart":4,"lineEnd":4,"colStart":3,"colEnd":98}}},
"heaterPowerMax":{"comment":"\uffffffd0\uffffff9c\uffffffd0\uffffffb0\uffffffd0\uffffffba\uffffffd1\uffffff81\uffffffd0\uffffffb8\uffffffd0\uffffffbc\uffffffd0\uffffffb0\uffffffd0\uffffffbb\uffffffd1\uffffff8c\uffffffd0\uffffffbd\uffffffd0\uffffffb0\uffffffd1\uffffff8f \uffffffd0\uffffffbc\uffffffd0\uffffffbe\uffffffd1\uffffff89\uffffffd0\uffffffbd\uffffffd0\uffffffbe\uffffffd1\uffffff81\uffffffd1\uffffff82\uffffffd1\uffffff8c \uffffffd0\uffffffbd\uffffffd0\uffffffb0\uffffffd0\uffffffb3\uffffffd1\uffffff80\uffffffd0\uffffffb5\uffffffd0\uffffffb2\uffffffd0\uffffffb0\uffffffd1\uffffff82\uffffffd0\uffffffb5\uffffffd0\uffffffbb\uffffffd1\uffffff8f (\uffffffd0\uffffff92\uffffffd1\uffffff82)","kind":"parameter","type":"Real","unit":"","displayUnit":"","source":{"info":{"file":"C:/ktk/models/TankLevelControl.mo","lineStart":6,"lineEnd":6,"colStart":3,"colEnd":113}}},
"initialTemperature":{"comment":"\uffffffd0\uffffff9d\uffffffd0\uffffffb0\uffffffd1\uffffff87\uffffffd0\uffffffb0\uffffffd0\uffffffbb\uffffffd1\uffffff8c\uffffffd0\uffffffbd\uffffffd0\uffffffb0\uffffffd1\uffffff8f \uffffffd1\uffffff82\uffffffd0\uffffffb5\uffffffd0\uffffffbc\uffffffd0\uffffffbf\uffffffd0\uffffffb5\uffffffd1\uffffff80\uffffffd0\uffffffb0\uffffffd1\uffffff82\uffffffd1\uffffff83\uffffffd1\uffffff80\uffffffd0\uffffffb0 \uffffffd0\uffffffb6\uffffffd0\uffffffb8\uffffffd0\uffffffb4\uffffffd0\uffffffba\uffffffd0\uffffffbe\uffffffd1\uffffff81\uffffffd1\uffffff82\uffffffd0\uffffffb8 (\uffffffe2\uffffff84\uffffff83)","kind":"parameter","type":"Real","unit":"","displayUnit":"","source":{"info":{"file":"C:/ktk/models/TankLevelControl.mo","lineStart":3,"lineEnd":3,"colStart":3,"colEnd":108}}},
"setpointTemperature":{"comment":"\uffffffd0\uffffff97\uffffffd0\uffffffb0\uffffffd0\uffffffb4\uffffffd0\uffffffb0\uffffffd0\uffffffbd\uffffffd0\uffffffbd\uffffffd0\uffffffb0\uffffffd1\uffffff8f \uffffffd1\uffffff82\uffffffd0\uffffffb5\uffffffd0\uffffffbc\uffffffd0\uffffffbf\uffffffd0\uffffffb5\uffffffd1\uffffff80\uffffffd0\uffffffb0\uffffffd1\uffffff82\uffffffd1\uffffff83\uffffffd1\uffffff80\uffffffd0\uffffffb0 (\uffffffe2\uffffff84\uffffff83)","kind":"parameter","type":"Real","unit":"","displayUnit":"","source":{"info":{"file":"C:/ktk/models/TankLevelControl.mo","lineStart":7,"lineEnd":7,"colStart":3,"colEnd":90}}},
"tankVolume":{"comment":"\uffffffd0\uffffff9e\uffffffd0\uffffffb1\uffffffd1\uffffff8a\uffffffd0\uffffffb5\uffffffd0\uffffffbc \uffffffd1\uffffff80\uffffffd0\uffffffb5\uffffffd0\uffffffb7\uffffffd0\uffffffb5\uffffffd1\uffffff80\uffffffd0\uffffffb2\uffffffd1\uffffff83\uffffffd0\uffffffb0\uffffffd1\uffffff80\uffffffd0\uffffffb0 (\uffffffd0\uffffffbc^3)","kind":"parameter","type":"Real","unit":"","displayUnit":"","source":{"info":{"file":"C:/ktk/models/TankLevelControl.mo","lineStart":2,"lineEnd":2,"colStart":3,"colEnd":75}}},
"derivativeError.$pDERLSJac1.dummyVarLSJac1":{"comment":"\uffffffd0\uffffff9f\uffffffd1\uffffff80\uffffffd0\uffffffbe\uffffffd0\uffffffb8\uffffffd0\uffffffb7\uffffffd0\uffffffb2\uffffffd0\uffffffbe\uffffffd0\uffffffb4\uffffffd0\uffffffbd\uffffffd0\uffffffb0\uffffffd1\uffffff8f \uffffffd0\uffffffbe\uffffffd1\uffffff88\uffffffd0\uffffffb8\uffffffd0\uffffffb1\uffffffd0\uffffffba\uffffffd0\uffffffb8","kind":"jacobian differentiated variable","type":"Real","unit":"","displayUnit":"","source":{"info":{"file":"C:/ktk/models/TankLevelControl.mo","lineStart":16,"lineEnd":16,"colStart":3,"colEnd":61}}},
"$res_LSJac1_1.$pDERLSJac1.dummyVarLSJac1":{"comment":"","kind":"jacobian variable","type":"Real","unit":"","displayUnit":"","source":{"info":{"file":"","lineStart":0,"lineEnd":0,"colStart":0,"colEnd":0}}},
"derivativeError.$pDERLSJac0.dummyVarLSJac0":{"comment":"\uffffffd0\uffffff9f\uffffffd1\uffffff80\uffffffd0\uffffffbe\uffffffd0\uffffffb8\uffffffd0\uffffffb7\uffffffd0\uffffffb2\uffffffd0\uffffffbe\uffffffd0\uffffffb4\uffffffd0\uffffffbd\uffffffd0\uffffffb0\uffffffd1\uffffff8f \uffffffd0\uffffffbe\uffffffd1\uffffff88\uffffffd0\uffffffb8\uffffffd0\uffffffb1\uffffffd0\uffffffba\uffffffd0\uffffffb8","kind":"jacobian differentiated variable","type":"Real","unit":"","displayUnit":"","source":{"info":{"file":"C:/ktk/models/TankLevelControl.mo","lineStart":16,"lineEnd":16,"colStart":3,"colEnd":61}}},
"der(temperature.$pDERLSJac0.dummyVarLSJac0)":{"comment":"\uffffffd0\uffffffa2\uffffffd0\uffffffb5\uffffffd0\uffffffba\uffffffd1\uffffff83\uffffffd1\uffffff89\uffffffd0\uffffffb0\uffffffd1\uffffff8f \uffffffd1\uffffff82\uffffffd0\uffffffb5\uffffffd0\uffffffbc\uffffffd0\uffffffbf\uffffffd0\uffffffb5\uffffffd1\uffffff80\uffffffd0\uffffffb0\uffffffd1\uffffff82\uffffffd1\uffffff83\uffffffd1\uffffff80\uffffffd0\uffffffb0 \uffffffd0\uffffffb6\uffffffd0\uffffffb8\uffffffd0\uffffffb4\uffffffd0\uffffffba\uffffffd0\uffffffbe\uffffffd1\uffffff81\uffffffd1\uffffff82\uffffffd0\uffffffb8 (\uffffffe2\uffffff84\uffffff83)","kind":"jacobian differentiated variable","type":"Real","unit":"","displayUnit":"","source":{"info":{"file":"C:/ktk/models/TankLevelControl.mo","lineStart":12,"lineEnd":12,"colStart":3,"colEnd":82}}},
"$res_LSJac0_1.$pDERLSJac0.dummyVarLSJac0":{"comment":"","kind":"jacobian variable","type":"Real","unit":"","displayUnit":"","source":{"info":{"file":"","lineStart":0,"lineEnd":0,"colStart":0,"colEnd":0}}}
},
"equations":[{"eqIndex":0,"tag":"dummy"},
{"eqIndex":1,"section":"initial","tag":"assign","defines":["integralError"],"uses":[],"equation":["0.0"],"source":{"info":{"file":"C:/ktk/models/TankLevelControl.mo","lineStart":20,"lineEnd":20,"colStart":3,"colEnd":20}}},
{"eqIndex":2,"section":"initial","tag":"assign","defines":["temperature"],"uses":["initialTemperature"],"equation":["initialTemperature"],"source":{"info":{"file":"C:/ktk/models/TankLevelControl.mo","lineStart":19,"lineEnd":19,"colStart":3,"colEnd":35}}},
{"eqIndex":3,"section":"initial","tag":"assign","defines":["error"],"uses":["temperature","setpointTemperature"],"equation":["setpointTemperature - temperature"],"source":{"info":{"file":"C:/ktk/models/TankLevelControl.mo","lineStart":25,"lineEnd":25,"colStart":3,"colEnd":44}}},
{"eqIndex":4,"tag":"alias","equation":[21],"section":"initial"},
{"eqIndex":5,"parent":11,"section":"initial","tag":"torn","defines":["der(temperature)"],"uses":["temperature","heaterPower","tankVolume","density","heatCapacity","initialTemperature"],"equation":["(heaterPower + (initialTemperature - temperature) * heatCapacity * density * tankVolume) / (tankVolume * density * heatCapacity)"],"source":{"info":{"file":"C:/ktk/models/TankLevelControl.mo","lineStart":23,"lineEnd":23,"colStart":3,"colEnd":150}}},
{"eqIndex":6,"parent":11,"section":"initial","tag":"torn","defines":["derivativeError"],"uses":["Kd","heaterPower","Ki","error","Kp","integralError"],"equation":["(heaterPower - (Kp * error + Ki * integralError)) / Kd"],"source":{"info":{"file":"C:/ktk/models/TankLevelControl.mo","lineStart":28,"lineEnd":28,"colStart":3,"colEnd":71}}},
{"eqIndex":7,"parent":11,"section":"initial","tag":"residual","uses":["der(temperature)","derivativeError"],"equation":["(-$DER.temperature) - derivativeError"],"source":{"info":{"file":"C:/ktk/models/TankLevelControl.mo","lineStart":25,"lineEnd":25,"colStart":3,"colEnd":44}}},
{"eqIndex":8,"parent":11,"section":"initial","tag":"jacobian","defines":["der(temperature.$pDERLSJac0.dummyVarLSJac0)"],"uses":["tankVolume","heaterPower.SeedLSJac0","density","heatCapacity"],"equation":["heaterPower.SeedLSJac0 * tankVolume * density * heatCapacity / (tankVolume * density * heatCapacity) ^ 2.0"],"source":{"info":{"file":"C:/ktk/models/TankLevelControl.mo","lineStart":23,"lineEnd":23,"colStart":3,"colEnd":150}}},
{"eqIndex":9,"parent":11,"section":"initial","tag":"jacobian","defines":["derivativeError.$pDERLSJac0.dummyVarLSJac0"],"uses":["Kd","heaterPower.SeedLSJac0"],"equation":["heaterPower.SeedLSJac0 / Kd"],"source":{"info":{"file":"C:/ktk/models/TankLevelControl.mo","lineStart":28,"lineEnd":28,"colStart":3,"colEnd":71}}},
{"eqIndex":10,"parent":11,"section":"initial","tag":"jacobian","defines":["$res_LSJac0_1.$pDERLSJac0.dummyVarLSJac0"],"uses":["der(temperature.$pDERLSJac0.dummyVarLSJac0)","derivativeError.$pDERLSJac0.dummyVarLSJac0"],"equation":["(-$DER.temperature.$pDERLSJac0.dummyVarLSJac0) - derivativeError.$pDERLSJac0.dummyVarLSJac0"],"source":{"info":{"file":"C:/ktk/models/TankLevelControl.mo","lineStart":25,"lineEnd":25,"colStart":3,"colEnd":44}}},
{"eqIndex":11,"section":"initial","tag":"tornsystem","display":"linear","unknowns":3,"defines":["heaterPower"],"equation":[{"size":0,"A":[],"b":[]}]},
{"eqIndex":12,"tag":"alias","equation":[19],"section":"initial"},
{"eqIndex":13,"section":"regular","tag":"assign","defines":["temperature"],"uses":["error","setpointTemperature"],"equation":["setpointTemperature - error"],"source":{"info":{"file":"C:/ktk/models/TankLevelControl.mo","lineStart":25,"lineEnd":25,"colStart":3,"colEnd":44}}},
{"eqIndex":14,"parent":18,"section":"regular","tag":"torn","defines":["derivativeError"],"uses":["Kd","heaterPower","Ki","error","Kp","integralError"],"equation":["(heaterPower - (Kp * error + Ki * integralError)) / Kd"],"source":{"info":{"file":"C:/ktk/models/TankLevelControl.mo","lineStart":28,"lineEnd":28,"colStart":3,"colEnd":71}}},
{"eqIndex":15,"parent":18,"section":"regular","tag":"residual","uses":["temperature","heaterPower","tankVolume","derivativeError","initialTemperature","density","heatCapacity"],"equation":["heaterPower + heatCapacity * density * tankVolume * (initialTemperature - temperature + derivativeError)"],"source":{"info":{"file":"C:/ktk/models/TankLevelControl.mo","lineStart":23,"lineEnd":23,"colStart":3,"colEnd":150}}},
{"eqIndex":16,"parent":18,"section":"regular","tag":"jacobian","defines":["derivativeError.$pDERLSJac1.dummyVarLSJac1"],"uses":["heaterPower.SeedLSJac1","Kd"],"equation":["heaterPower.SeedLSJac1 / Kd"],"source":{"info":{"file":"C:/ktk/models/TankLevelControl.mo","lineStart":28,"lineEnd":28,"colStart":3,"colEnd":71}}},
{"eqIndex":17,"parent":18,"section":"regular","tag":"jacobian","defines":["$res_LSJac1_1.$pDERLSJac1.dummyVarLSJac1"],"uses":["tankVolume","density","derivativeError.$pDERLSJac1.dummyVarLSJac1","heatCapacity","heaterPower.SeedLSJac1"],"equation":["heaterPower.SeedLSJac1 + heatCapacity * density * tankVolume * derivativeError.$pDERLSJac1.dummyVarLSJac1"],"source":{"info":{"file":"C:/ktk/models/TankLevelControl.mo","lineStart":23,"lineEnd":23,"colStart":3,"colEnd":150}}},
{"eqIndex":18,"section":"regular","tag":"tornsystem","display":"linear","unknowns":2,"defines":["heaterPower"],"equation":[{"size":0,"A":[],"b":[]}]},
{"eqIndex":19,"section":"regular","tag":"assign","defines":["der(error)"],"uses":["derivativeError"],"equation":["derivativeError"],"source":{"info":{"file":"C:/ktk/models/TankLevelControl.mo","lineStart":27,"lineEnd":27,"colStart":3,"colEnd":31}}},
{"eqIndex":20,"section":"regular","tag":"assign","defines":["der(temperature)"],"uses":["derivativeError"],"equation":["-derivativeError"],"source":{"info":{"file":"","lineStart":0,"lineEnd":0,"colStart":0,"colEnd":0}}},
{"eqIndex":21,"section":"regular","tag":"assign","defines":["der(integralError)"],"uses":["error"],"equation":["error"],"source":{"info":{"file":"C:/ktk/models/TankLevelControl.mo","lineStart":26,"lineEnd":26,"colStart":3,"colEnd":29}}}
],
"functions":[
]
}